time,seconds_elapsed,z,y,x
1772729640821609000,0.07260888671875,0,0,0
1772729640831608800,0.08260888671875,0.1731586456298828,0.3386659622192383,-0.08706215023994446
1772729640841609000,0.09260888671875,0.067108154296875,0.43070220947265625,0.12878985702991486
1772729640851608800,0.10260888671875,0.17969036102294922,0.1622152328491211,-0.04132109880447388
1772729640861609000,0.11260888671875,1.126265525817871,0.017625808715820312,-0.7583968639373779
1772729640871608800,0.12260888671875,1.3592872619628906,-0.364621639251709,-0.9662699699401855
1772729640881609000,0.13260888671875,0.5835762023925781,-0.43128538131713867,-0.8902467489242554
1772729640891608800,0.14260888671875,-0.26856327056884766,-0.0674433708190918,-0.8332146406173706
1772729640901609000,0.15260888671875,-0.5003151893615723,0.634681224822998,-0.26437997817993164
1772729640911608800,0.16260888671875,-1.389838695526123,1.5082855224609375,0.6010096073150635
1772729640921609000,0.17260888671875,-2.739582061767578,1.073807716369629,0.9575527906417847
1772729640931608800,0.18260888671875,-3.5429763793945312,0.05700492858886719,0.4556262493133545
1772729640941609000,0.19260888671875,-2.9723262786865234,-0.39240312576293945,0.40089452266693115
1772729640951608800,0.20260888671875,-2.0781712532043457,-0.3981451988220215,0.8644893169403076
1772729640961609000,0.21260888671875,-0.9999737739562988,-0.3019390106201172,0.904558539390564
1772729640971608800,0.22260888671875,0.03364133834838867,-0.6055769920349121,0.558394193649292
1772729640981609000,0.23260888671875,0.5885357856750488,-0.9090018272399902,0.2965736389160156
1772729640991608800,0.24260888671875,0.6193737983703613,-1.1326336860656738,0.16079401969909668
1772729641001609000,0.25260888671875,0.5758352279663086,-1.3457603454589844,0.07797026634216309
1772729641011608800,0.26260888671875,0.489560604095459,-1.0501198768615723,0.2717609405517578
1772729641021609000,0.27260888671875,0.05802106857299805,-0.5657310485839844,0.5156044960021973
1772729641031608800,0.28260888671875,-0.6733579635620117,-0.16386032104492188,0.7683734893798828
1772729641041609000,0.29260888671875,-0.9604239463806152,-0.5765786170959473,1.102065086364746
1772729641051608800,0.30260888671875,-1.1198692321777344,-1.216766357421875,1.2297933101654053
1772729641061609000,0.31260888671875,-1.114461898803711,-0.38083457946777344,0.8348472118377686
1772729641071608800,0.32260888671875,-0.4427204132080078,0.7613062858581543,0.3600730895996094
1772729641081609000,0.33260888671875,0.24256372451782227,0.7612142562866211,0.2907106876373291
1772729641091608800,0.34260888671875,-0.3278064727783203,0.2571749687194824,0.4448387622833252
1772729641101609000,0.35260888671875,-1.4866900444030762,-0.47127866744995117,0.649381160736084
1772729641111608800,0.36260888671875,-2.240086078643799,-1.096571445465088,1.026099443435669
1772729641121609000,0.37260888671875,-1.338700294494629,-2.0066986083984375,1.1941487789154053
1772729641131608800,0.38260888671875,-1.4630017280578613,-2.0520262718200684,0.7848386764526367
1772729641141609000,0.39260888671875,-2.999894142150879,-2.1753573417663574,-0.14287281036376953
1772729641151608800,0.40260888671875,-3.516618251800537,-2.697782516479492,0.03418397903442383
1772729641161609000,0.41260888671875,-7.651866436004639,-3.136244297027588,1.7779486179351807
1772729641171608800,0.42260888671875,-7.564768314361572,-4.511931896209717,2.7305493354797363
1772729641181609000,0.43260888671875,-4.365119934082031,-5.729152202606201,3.3947973251342773
1772729641191608800,0.44260888671875,-1.2937865257263184,-6.023317813873291,3.1414432525634766
1772729641201609000,0.45260888671875,1.8064069747924805,-6.324306488037109,2.7170939445495605
1772729641211608800,0.46260888671875,3.604938507080078,-6.355006217956543,1.7655292749404907
1772729641221609000,0.47260888671875,4.5613203048706055,-6.698256015777588,0.9539084434509277
1772729641231608800,0.48260888671875,4.963294982910156,-6.674064636230469,0.3328704833984375
1772729641241609000,0.49260888671875,4.857999324798584,-6.302454948425293,0.6213233470916748
1772729641251608800,0.50260888671875,4.218310356140137,-6.274075031280518,1.3167202472686768
1772729641261609000,0.51260888671875,3.2944250106811523,-6.085879802703857,1.721573829650879
1772729641271608800,0.52260888671875,2.45479154586792,-5.775758266448975,2.26446795463562
1772729641281609000,0.53260888671875,2.331557273864746,-5.642791748046875,3.188293933868408
1772729641291608800,0.54260888671875,1.8915514945983887,-5.544820308685303,3.695390462875366
1772729641301609000,0.55260888671875,0.776979923248291,-5.492850303649902,3.2836461067199707
1772729641311608800,0.56260888671875,0.1442556381225586,-5.170145034790039,2.251258611679077
1772729641321609000,0.57260888671875,0.008997440338134766,-4.777501583099365,1.1456937789916992
1772729641331608800,0.58260888671875,-0.44498395919799805,-5.718975067138672,0.8165340423583984
1772729641341609000,0.59260888671875,-0.27312612533569336,-6.1990532875061035,-0.819002628326416
1772729641351608800,0.60260888671875,0.05127143859863281,-5.647140026092529,-2.4662580490112305
1772729641361609000,0.61260888671875,0.6967525482177734,-5.004549026489258,-3.7322936058044434
1772729641371608800,0.62260888671875,1.3737964630126953,-4.667096138000488,-4.239130973815918
1772729641381609000,0.63260888671875,1.9344334602355957,-4.599887847900391,-4.618729591369629
1772729641391608800,0.64260888671875,2.2558135986328125,-4.7393903732299805,-5.282951354980469
1772729641401609000,0.65260888671875,2.684678077697754,-5.030656337738037,-5.9883270263671875
1772729641411608800,0.66260888671875,3.209139823913574,-5.565824031829834,-7.06046199798584
1772729641421609000,0.67260888671875,2.7139039039611816,-5.508159637451172,-8.921852111816406
1772729641431608800,0.68260888671875,1.430518627166748,-5.265960693359375,-10.889707565307617
1772729641441609000,0.69260888671875,1.822784423828125,-4.39205265045166,-12.097160339355469
1772729641451608800,0.70260888671875,1.1067075729370117,-3.5218162536621094,-12.87940788269043
1772729641461609000,0.71260888671875,0.4962630271911621,-2.9616546630859375,-13.10190200805664
1772729641471608800,0.72260888671875,-0.07614612579345703,-2.992861747741699,-13.015742301940918
1772729641481609000,0.73260888671875,-1.3406906127929688,-2.769914150238037,-13.173189163208008
1772729641491608800,0.74260888671875,-1.4840608835220337,-2.914705753326416,-13.551477432250977
1772729641501609000,0.75260888671875,-1.6969285011291504,-3.189936637878418,-13.601131439208984
1772729641511608800,0.76260888671875,-2.2481067180633545,-2.186586380004883,-13.687324523925781
1772729641521609000,0.77260888671875,-2.557393789291382,-1.0080204010009766,-13.835180282592773
1772729641531608800,0.78260888671875,-2.644777774810791,0.10207176208496094,-13.445823669433594
1772729641541609000,0.79260888671875,-2.7217423915863037,0.8224916458129883,-12.613950729370117
1772729641551608800,0.80260888671875,-2.428969621658325,0.789952278137207,-11.718415260314941
1772729641561609000,0.81260888671875,-2.231748342514038,0.9091596603393555,-11.04583740234375
1772729641571608800,0.82260888671875,-2.2583930492401123,0.7850313186645508,-10.507043838500977
1772729641581609000,0.83260888671875,-2.420313835144043,-0.0035572052001953125,-10.131611824035645
1772729641591608800,0.84260888671875,-2.833359479904175,-0.35211944580078125,-9.574434280395508
1772729641601609000,0.85260888671875,-3.6356289386749268,0.3935203552246094,-9.226110458374023
1772729641611608800,0.86260888671875,-4.191267013549805,1.0541505813598633,-8.937910079956055
1772729641621609000,0.87260888671875,-4.3707075119018555,1.2063255310058594,-8.692642211914062
1772729641631608800,0.88260888671875,-3.666661262512207,1.1270418167114258,-8.534801483154297
1772729641641609000,0.89260888671875,-3.700449228286743,1.0186777114868164,-8.866758346557617
1772729641651608800,0.90260888671875,-3.0266263484954834,0.0018758773803710938,-8.76943302154541
1772729641661609000,0.91260888671875,-2.56663179397583,0.3744373321533203,-8.916662216186523
1772729641671608800,0.92260888671875,-2.8143482208251953,0.5971708297729492,-8.663164138793945
1772729641681609000,0.93260888671875,-2.660233974456787,0.5060644149780273,-8.22404956817627
1772729641691608800,0.94260888671875,-2.6024370193481445,1.1216249465942383,-7.644852638244629
1772729641701609000,0.95260888671875,-2.2591676712036133,0.722747802734375,-6.594087600708008
1772729641711608800,0.96260888671875,-1.760545015335083,0.6087284088134766,-5.796655654907227
1772729641721609000,0.97260888671875,-1.5582947731018066,0.5476474761962891,-4.863126754760742
1772729641731608800,0.98260888671875,-0.7123754024505615,0.9597864151000977,-4.43328332901001
1772729641741609000,0.99260888671875,-0.24845337867736816,1.8037548065185547,-4.406619548797607
1772729641751608800,1.00260888671875,0.30902886390686035,2.7302703857421875,-4.55465841293335
1772729641761609000,1.01260888671875,0.7391116619110107,3.3814992904663086,-4.501609802246094
1772729641771608800,1.02260888671875,1.2699189186096191,3.5235443115234375,-4.083722114562988
1772729641781609000,1.03260888671875,1.703001856803894,3.0933990478515625,-3.431051731109619
1772729641791608800,1.04260888671875,1.5283689498901367,2.3019628524780273,-2.765223264694214
1772729641801609000,1.05260888671875,1.4163024425506592,1.861086368560791,-2.0785412788391113
1772729641811608800,1.06260888671875,1.183699369430542,2.0785951614379883,-1.9274441003799438
1772729641821609000,1.07260888671875,1.019331455230713,2.502500534057617,-2.031130075454712
1772729641831608800,1.08260888671875,0.9042820930480957,2.8699817657470703,-1.9197230339050293
1772729641841609000,1.09260888671875,0.9416375160217285,3.001023292541504,-1.5262424945831299
1772729641851608800,1.10260888671875,0.8725886344909668,3.0184669494628906,-1.1074652671813965
1772729641861609000,1.11260888671875,0.7713189125061035,2.908719062805176,-0.8517379760742188
1772729641871608800,1.12260888671875,1.0009360313415527,2.4886655807495117,-0.9515193104743958
1772729641881609000,1.13260888671875,1.5347731113433838,2.077944755554199,-1.5234788656234741
1772729641891608800,1.14260888671875,2.63704776763916,1.9760627746582031,-2.0007338523864746
1772729641901609000,1.15260888671875,3.58882212638855,1.9583463668823242,-2.2933216094970703
1772729641911608800,1.16260888671875,4.4691338539123535,2.2818918228149414,-2.3427295684814453
1772729641921609000,1.17260888671875,4.720956325531006,2.1564273834228516,-2.1989998817443848
1772729641931608800,1.18260888671875,5.246518611907959,2.647197723388672,-2.286693572998047
1772729641941609000,1.19260888671875,5.427757263183594,3.311446189880371,-2.572202444076538
1772729641951608800,1.20260888671875,5.450865745544434,3.0787887573242188,-2.7245473861694336
1772729641961609000,1.21260888671875,5.522799968719482,1.8734922409057617,-2.861262798309326
1772729641971608800,1.22260888671875,5.314821243286133,0.7706527709960938,-3.345703125
1772729641981609000,1.23260888671875,3.9655771255493164,0.5068421363830566,-4.350604057312012
1772729641991608800,1.24260888671875,3.2963144779205322,-0.06311607360839844,-5.1358819007873535
1772729642001609000,1.25260888671875,3.5888168811798096,-0.7164058685302734,-5.277774810791016
1772729642011608800,1.26260888671875,2.555662155151367,-1.6841402053833008,-3.9646687507629395
1772729642021609000,1.27260888671875,1.0595436096191406,-2.4490928649902344,-1.3779020309448242
1772729642031608800,1.28260888671875,1.0792441368103027,-3.4473695755004883,2.6418280601501465
1772729642041609000,1.29260888671875,1.7849531173706055,-3.6707496643066406,4.394650936126709
1772729642051608800,1.30260888671875,2.344296932220459,-2.882680892944336,3.7996649742126465
1772729642061609000,1.31260888671875,2.6963918209075928,-2.001723289489746,2.647517681121826
1772729642071608800,1.32260888671875,1.8275418281555176,-1.842768669128418,2.2611565589904785
1772729642081609000,1.33260888671875,1.08705472946167,-1.9712610244750977,1.772056221961975
1772729642091608800,1.34260888671875,0.7070732116699219,-2.2794055938720703,1.478419542312622
1772729642101609000,1.35260888671875,-0.3419766426086426,-2.852921485900879,1.6664601564407349
1772729642111608800,1.36260888671875,-1.1537199020385742,-3.1713504791259766,1.6803603172302246
1772729642121609000,1.37260888671875,-0.31040048599243164,-3.011493682861328,1.9087071418762207
1772729642131608800,1.38260888671875,1.2410569190979004,-2.5915937423706055,2.7758350372314453
1772729642141609000,1.39260888671875,3.431145668029785,-0.905797004699707,3.7624573707580566
1772729642151608800,1.40260888671875,5.050076484680176,1.6458206176757812,2.365800380706787
1772729642161609000,1.41260888671875,4.278149604797363,2.9342775344848633,-0.8690199851989746
1772729642171608800,1.42260888671875,3.4227540493011475,1.990717887878418,-2.6204280853271484
1772729642181609000,1.43260888671875,2.860839366912842,1.468156337738037,-2.833785057067871
1772729642191608800,1.44260888671875,2.031383752822876,1.5243325233459473,-3.4282336235046387
1772729642201609000,1.45260888671875,0.34885692596435547,2.0125064849853516,-4.461605072021484
1772729642211608800,1.46260888671875,-2.173342227935791,1.7755999565124512,-4.951353073120117
1772729642221609000,1.47260888671875,-5.444368839263916,1.3809781074523926,-4.725064277648926
1772729642231608800,1.48260888671875,-10.362661361694336,-9.00229263305664,-4.385388374328613
1772729642241609000,1.49260888671875,-12.90810489654541,-0.3389892578125,-3.215769052505493
1772729642251608800,1.50260888671875,-7.781833171844482,1.1713571548461914,-2.738494873046875
1772729642261609000,1.51260888671875,-3.9551172256469727,2.9462900161743164,-4.27747917175293
1772729642271608800,1.52260888671875,-3.2771267890930176,3.0414490699768066,-6.099391937255859
1772729642281609000,1.53260888671875,-4.317882061004639,4.733091354370117,-6.683732032775879
1772729642291608800,1.54260888671875,-3.1790430545806885,4.772614479064941,-7.103302955627441
1772729642301609000,1.55260888671875,0.21221518516540527,1.7264719009399414,-7.226595401763916
1772729642311608800,1.56260888671875,2.2825522422790527,-1.7144718170166016,-6.772623062133789
1772729642321609000,1.57260888671875,3.5620546340942383,-2.6113882064819336,-5.041791915893555
1772729642331608800,1.58260888671875,4.473040580749512,-3.577119827270508,-0.2762258052825928
1772729642341609000,1.59260888671875,1.8471428155899048,-2.9924020767211914,2.331754446029663
1772729642351608800,1.60260888671875,2.015371561050415,-2.416919708251953,2.178278923034668
1772729642361609000,1.61260888671875,3.098565101623535,-0.35767555236816406,-2.4318132400512695
1772729642371608800,1.62260888671875,4.246642589569092,-0.017607688903808594,1.5084589719772339
1772729642381609000,1.63260888671875,6.557527542114258,0.4648618698120117,7.0905680656433105
1772729642391608800,1.64260888671875,3.760651111602783,-1.4429607391357422,17.12790298461914
1772729642401609000,1.65260888671875,2.479858875274658,-2.084300994873047,15.812089920043945
1772729642411608800,1.66260888671875,4.789374351501465,-2.0985870361328125,9.574462890625
1772729642421609000,1.67260888671875,3.8139538764953613,0.8123626708984375,4.90655517578125
1772729642431608800,1.68260888671875,2.3158023357391357,2.920206069946289,2.8481922149658203
1772729642441609000,1.69260888671875,2.702305316925049,4.362439155578613,1.6186394691467285
1772729642451608800,1.70260888671875,3.132699966430664,5.317879676818848,0.8687106370925903
1772729642461609000,1.71260888671875,3.4750442504882812,5.258723258972168,0.4512394070625305
1772729642471608800,1.72260888671875,3.11678409576416,3.28157901763916,-0.035338521003723145
1772729642481609000,1.73260888671875,-13.841086387634277,-1.5896625518798828,-2.0504353046417236
1772729642491608800,1.74260888671875,-14.542829513549805,-3.67002010345459,-6.860478401184082
1772729642501609000,1.75260888671875,-2.3752715587615967,-1.672673225402832,-4.5405354499816895
1772729642511608800,1.76260888671875,1.215275764465332,-0.849268913269043,-1.5677108764648438
1772729642521609000,1.77260888671875,-0.22648358345031738,-1.350224494934082,-0.45917797088623047
1772729642531608800,1.78260888671875,-0.5086637735366821,-0.11073017120361328,-0.2784690856933594
1772729642541609000,1.79260888671875,0.19653856754302979,0.39186763763427734,-0.7791719436645508
1772729642551608800,1.80260888671875,1.2965611219406128,-0.6550521850585938,-2.232652425765991
1772729642561609000,1.81260888671875,0.9146474599838257,-2.5401105880737305,-3.76271390914917
1772729642571608800,1.82260888671875,-1.5979974269866943,-3.9007644653320312,-3.3814454078674316
1772729642581609000,1.83260888671875,-1.8961787223815918,-3.923079490661621,-1.762619972229004
1772729642591608800,1.84260888671875,-0.6142449378967285,-2.670304298400879,-0.2007373571395874
1772729642601609000,1.85260888671875,0.9843748807907104,-2.0176258087158203,1.179839849472046
1772729642611608800,1.86260888671875,2.244563579559326,-1.146134376525879,1.767593264579773
1772729642621609000,1.87260888671875,2.973609685897827,0.0017852783203125,1.4972610473632812
1772729642631608800,1.88260888671875,2.548762798309326,0.4187335968017578,1.183682918548584
1772729642641609000,1.89260888671875,1.5806688070297241,0.5664272308349609,0.7460443377494812
1772729642651608800,1.90260888671875,0.39666858315467834,0.5186920166015625,0.43374764919281006
1772729642661609000,1.91260888671875,-0.7891402244567871,0.5480680465698242,-0.028442680835723877
1772729642671608800,1.92260888671875,-8.419018745422363,-2.718815803527832,-0.9017894864082336
1772729642681609000,1.93260888671875,-3.9027366638183594,-2.100247383117676,1.0965254306793213
1772729642691608800,1.94260888671875,1.0835188627243042,-1.2398872375488281,2.1317644119262695
1772729642701609000,1.95260888671875,0.4979994297027588,-1.0186805725097656,2.3519601821899414
1772729642711608800,1.96260888671875,-0.8474530577659607,-0.2482442855834961,0.20942062139511108
1772729642721609000,1.97260888671875,0.6192862391471863,-0.027848243713378906,-0.8773032426834106
1772729642731608800,1.98260888671875,0.6639523506164551,-0.7157382965087891,-0.4871198534965515
1772729642741609000,1.99260888671875,0.957007646560669,-1.3977203369140625,-0.18600237369537354
1772729642751608800,2.00260888671875,0.575312077999115,-2.173062324523926,0.4269286096096039
1772729642761609000,2.01260888671875,0.898891806602478,-2.6729116439819336,1.4497694969177246
1772729642771608800,2.02260888671875,1.7942358255386353,-2.9945507049560547,1.6922274827957153
1772729642781609000,2.03260888671875,2.3658485412597656,-3.181661605834961,1.1203691959381104
1772729642791608800,2.04260888671875,1.9919368028640747,-3.202901840209961,0.8475866317749023
1772729642801609000,2.05260888671875,1.0479819774627686,-2.6856698989868164,0.8149926662445068
1772729642811608800,2.06260888671875,0.5917385220527649,-2.2610111236572266,0.43096092343330383
1772729642821609000,2.07260888671875,0.2892472743988037,-1.0430278778076172,-0.3707005977630615
1772729642831608800,2.08260888671875,0.5736947059631348,0.8019514083862305,-0.80637526512146
1772729642841609000,2.09260888671875,0.31637948751449585,0.09244251251220703,-1.1123989820480347
1772729642851608800,2.10260888671875,1.0263867378234863,-0.11101055145263672,0.029132172465324402
1772729642861609000,2.11260888671875,0.6742213368415833,0.3947906494140625,0.4390484094619751
1772729642871608800,2.12260888671875,0.4611891508102417,0.8608474731445312,0.4571753144264221
1772729642881609000,2.13260888671875,0.06908929347991943,1.009251594543457,0.4842659533023834
1772729642891608800,2.14260888671875,-0.04251021146774292,1.3095312118530273,-0.06589175760746002
1772729642901609000,2.15260888671875,0.06246590614318848,2.817446708679199,-2.6491341590881348
1772729642911608800,2.16260888671875,-1.538922667503357,1.0349435806274414,-4.239807605743408
1772729642921609000,2.17260888671875,-3.153486728668213,-2.255030632019043,1.3657853603363037
1772729642931608800,2.18260888671875,-6.682181358337402,-1.9036235809326172,0.34809523820877075
1772729642941609000,2.19260888671875,0.2597963809967041,-3.627884864807129,-0.2596812844276428
1772729642951608800,2.20260888671875,2.753316640853882,-1.9900569915771484,0.38147544860839844
1772729642961609000,2.21260888671875,2.78808331489563,1.2817554473876953,0.6504364013671875
1772729642971608800,2.22260888671875,2.945469379425049,1.2136554718017578,0.3427266478538513
1772729642981609000,2.23260888671875,2.375507116317749,0.8757991790771484,0.07013195753097534
1772729642991608800,2.24260888671875,1.3959187269210815,0.4700736999511719,0.040132999420166016
1772729643001609000,2.25260888671875,1.3853862285614014,-0.6857156753540039,-0.17210793495178223
1772729643011608800,2.26260888671875,1.3027311563491821,-0.853424072265625,0.21149373054504395
1772729643021609000,2.27260888671875,0.24734078347682953,-0.0068264007568359375,0.20447063446044922
1772729643031608800,2.28260888671875,-0.696190357208252,1.0698814392089844,-0.14333999156951904
1772729643041609000,2.29260888671875,-1.3244267702102661,1.770615577697754,-0.10269880294799805
1772729643051608800,2.30260888671875,-1.6718469858169556,1.9743585586547852,0.45587289333343506
1772729643061609000,2.31260888671875,-0.3207987844944,1.388228416442871,0.27613794803619385
1772729643071608800,2.32260888671875,0.20380699634552002,0.6510629653930664,0.29739928245544434
1772729643081609000,2.33260888671875,1.0990486145019531,0.21780109405517578,0.37346863746643066
1772729643091608800,2.34260888671875,0.5708308815956116,-0.43654727935791016,0.910223126411438
1772729643101609000,2.35260888671875,1.311998963356018,-0.6209430694580078,0.18008524179458618
1772729643111608800,2.36260888671875,0.812291145324707,-0.3149099349975586,-0.12506017088890076
1772729643121609000,2.37260888671875,0.2834087610244751,0.2517280578613281,-0.23289519548416138
1772729643131608800,2.38260888671875,0.03071519173681736,0.35189056396484375,-0.007123470306396484
1772729643141609000,2.39260888671875,0.11804989725351334,-0.5105838775634766,0.2293165922164917
1772729643151608800,2.40260888671875,-0.3104534447193146,-0.8579511642456055,0.7571646571159363
1772729643161609000,2.41260888671875,-0.8208162188529968,-2.089468002319336,0.673012912273407
1772729643171608800,2.42260888671875,-1.0557138919830322,-2.3921632766723633,0.9605340957641602
1772729643181609000,2.43260888671875,0.2305486798286438,-1.511331558227539,-0.11962038278579712
1772729643191608800,2.44260888671875,1.4055112600326538,4.363650321960449,-2.667327404022217
1772729643201609000,2.45260888671875,-0.8490601778030396,3.3329381942749023,0.6749017238616943
1772729643211608800,2.46260888671875,-0.04918886721134186,2.4379420280456543,-0.07269945740699768
1772729643221609000,2.47260888671875,0.8548315167427063,-0.7947483062744141,-2.150473117828369
1772729643231608800,2.48260888671875,-0.2032892256975174,-2.0147886276245117,-0.07546418905258179
1772729643241609000,2.49260888671875,-1.2265794277191162,3.2014379501342773,3.8424453735351562
1772729643251608800,2.50260888671875,1.8307214975357056,2.5045995712280273,-0.21484869718551636
1772729643261609000,2.51260888671875,2.1415960788726807,0.1238861083984375,-0.4476807713508606
1772729643271608800,2.52260888671875,0.7891471982002258,-1.3676433563232422,0.6359571814537048
1772729643281609000,2.53260888671875,-0.3718474507331848,-1.1367301940917969,1.293963074684143
1772729643291608800,2.54260888671875,-0.695242702960968,-0.7536258697509766,0.7807177901268005
1772729643301609000,2.55260888671875,-0.7637489438056946,-0.7270326614379883,0.2811700105667114
1772729643311608800,2.56260888671875,-1.0031778812408447,-0.7785005569458008,0.07694247364997864
1772729643321609000,2.57260888671875,-0.9626269340515137,-0.7611904144287109,-0.19675135612487793
1772729643331608800,2.58260888671875,-0.4777735471725464,-0.7496280670166016,-0.5087351202964783
1772729643341609000,2.59260888671875,0.0351538322865963,-0.9170255661010742,-0.5634435415267944
1772729643351608800,2.60260888671875,0.2806815207004547,-0.9227380752563477,-0.6121105551719666
1772729643361609000,2.61260888671875,0.2204989343881607,-0.6054658889770508,-0.7714716792106628
1772729643371608800,2.62260888671875,0.1770470291376114,-0.17874622344970703,-0.8256492614746094
1772729643381609000,2.63260888671875,0.21254640817642212,0.14387035369873047,-0.7463303804397583
1772729643391608800,2.64260888671875,0.25973811745643616,0.2830667495727539,-0.5465119481086731
1772729643401609000,2.65260888671875,0.22813917696475983,0.35474681854248047,-0.34123724699020386
1772729643411608800,2.66260888671875,0.16096021234989166,0.42144298553466797,-0.1518176794052124
1772729643421609000,2.67260888671875,0.13267762959003448,0.42064380645751953,-0.023738205432891846
1772729643431608800,2.68260888671875,0.16548818349838257,0.33426666259765625,0.1223105788230896
1772729643441609000,2.69260888671875,0.052508726716041565,0.20796966552734375,0.21566444635391235
1772729643451608800,2.70260888671875,0.1410488337278366,0.11394405364990234,0.08802026510238647
1772729643461609000,2.71260888671875,0.06877365708351135,-0.05703258514404297,-0.05985945463180542
1772729643471608800,2.72260888671875,-0.12472054362297058,-0.1251993179321289,-0.25646430253982544
1772729643481609000,2.73260888671875,-0.3253626227378845,-0.10569190979003906,-0.37830716371536255
1772729643491608800,2.74260888671875,-0.5240437984466553,-0.13492584228515625,-0.4211624264717102
1772729643501609000,2.75260888671875,-0.6751196980476379,-0.21521854400634766,-0.42796021699905396
1772729643511608800,2.76260888671875,-0.8345301151275635,-0.26431941986083984,-0.3944527506828308
1772729643521609000,2.77260888671875,1.291763424873352,0.8767051696777344,1.645216703414917
1772729643531608800,2.78260888671875,-2.3355178833007812,1.1141395568847656,0.5731590390205383
1772729643541609000,2.79260888671875,-3.8000073432922363,-0.2851076126098633,-0.1414894461631775
1772729643551608800,2.80260888671875,0.36418330669403076,-2.8078861236572266,-1.3407307863235474
1772729643561609000,2.81260888671875,-0.2757289707660675,-2.561582565307617,-1.6011743545532227
1772729643571608800,2.82260888671875,-0.13522297143936157,-1.1015548706054688,0.07706040143966675
1772729643581609000,2.83260888671875,1.1759693622589111,1.1155834197998047,-0.0315127968788147
1772729643591608800,2.84260888671875,2.0278847217559814,2.8067846298217773,0.9799553155899048
1772729643601609000,2.85260888671875,0.7095153331756592,2.284221649169922,0.5699152946472168
1772729643611608800,2.86260888671875,-0.3479405641555786,0.5095911026000977,0.7824389338493347
1772729643621609000,2.87260888671875,-0.04409998655319214,-0.0712432861328125,0.744827151298523
1772729643631608800,2.88260888671875,-0.17380738258361816,0.11034965515136719,0.448919415473938
1772729643641609000,2.89260888671875,-0.043266117572784424,0.5432300567626953,0.40734630823135376
1772729643651608800,2.90260888671875,0.13308894634246826,0.9064054489135742,0.5038633346557617
1772729643661609000,2.91260888671875,0.2918625473976135,0.8852672576904297,0.5849682092666626
1772729643671608800,2.92260888671875,0.12581366300582886,0.5382509231567383,0.5159183740615845
1772729643681609000,2.93260888671875,-0.05307084321975708,0.10408878326416016,0.45694541931152344
1772729643691608800,2.94260888671875,-0.22918856143951416,-0.15734386444091797,0.3713465929031372
1772729643701609000,2.95260888671875,-0.30251365900039673,-0.2869148254394531,0.29084843397140503
1772729643711608800,2.96260888671875,-0.12089753150939941,-0.29727745056152344,0.1981353759765625
1772729643721609000,2.97260888671875,0.10925686359405518,-0.1762542724609375,0.18515092134475708
1772729643731608800,2.98260888671875,0.2506449818611145,0.028815269470214844,0.25847333669662476
1772729643741609000,2.99260888671875,0.3265277147293091,0.24130630493164062,0.3258979916572571
1772729643751608800,3.00260888671875,0.3320636749267578,0.39263153076171875,0.3064963221549988
1772729643761609000,3.01260888671875,0.3093900680541992,0.5006542205810547,0.1847500205039978
1772729643771608800,3.02260888671875,0.24198347330093384,0.4344472885131836,0.08732879161834717
1772729643781609000,3.03260888671875,0.14219236373901367,0.17142772674560547,0.004609882831573486
1772729643791608800,3.04260888671875,0.03158944845199585,-0.1655712127685547,-0.05560117959976196
1772729643801609000,3.05260888671875,-0.064361572265625,-0.4902667999267578,-0.051734089851379395
1772729643811608800,3.06260888671875,-0.07903331518173218,-0.6821985244750977,-0.07647132873535156
1772729643821609000,3.07260888671875,-0.0022888779640197754,-0.7114286422729492,-0.10329961776733398
1772729643831608800,3.08260888671875,0.13066095113754272,-0.5836973190307617,-0.1293632984161377
1772729643841609000,3.09260888671875,0.2808212637901306,-0.43198585510253906,-0.10053670406341553
1772729643851608800,3.10260888671875,0.3288639187812805,-0.3200664520263672,-0.022530794143676758
1772729643861609000,3.11260888671875,0.3230908513069153,-0.19345474243164062,0.0848814845085144
1772729643871608800,3.12260888671875,0.2947208881378174,-0.02582836151123047,0.2093878984451294
1772729643881609000,3.13260888671875,0.2541661858558655,0.101715087890625,0.3234213590621948
1772729643891608800,3.14260888671875,0.251600980758667,0.1538524627685547,0.445003867149353
1772729643901609000,3.15260888671875,0.26779961585998535,0.10938549041748047,0.511015772819519
1772729643911608800,3.16260888671875,0.189592182636261,0.049560546875,0.5502797365188599
1772729643921609000,3.17260888671875,0.059533774852752686,0.06054115295410156,0.5199440121650696
1772729643931608800,3.18260888671875,-0.022345304489135742,0.16444873809814453,0.4434354305267334
1772729643941609000,3.19260888671875,-0.030183911323547363,0.31122303009033203,0.31261467933654785
1772729643951608800,3.20260888671875,-0.007954597473144531,0.38660144805908203,0.15473079681396484
1772729643961609000,3.21260888671875,0.013407588005065918,0.44277477264404297,-0.009053230285644531
1772729643971608800,3.22260888671875,0.016622960567474365,0.4348154067993164,-0.2528012990951538
1772729643981609000,3.23260888671875,0.04095590114593506,0.38193416595458984,-0.4745595455169678
1772729643991608800,3.24260888671875,0.03913313150405884,0.27895450592041016,-0.5872762203216553
1772729644001609000,3.25260888671875,0.09617805480957031,0.1331634521484375,-0.5280849933624268
1772729644011608800,3.26260888671875,0.15529018640518188,-0.005268096923828125,-0.3521765470504761
1772729644021609000,3.27260888671875,0.08803039789199829,-0.08913135528564453,-0.11604428291320801
1772729644031608800,3.28260888671875,-0.004844248294830322,-0.08627700805664062,0.15677332878112793
1772729644041609000,3.29260888671875,-0.061112821102142334,-0.014314651489257812,0.42145299911499023
1772729644051608800,3.30260888671875,-0.16097545623779297,0.0954294204711914,0.7052249908447266
1772729644061609000,3.31260888671875,-0.3303428292274475,0.2390460968017578,0.9717217683792114
1772729644071608800,3.32260888671875,-0.5503206253051758,0.3739614486694336,1.1923010349273682
1772729644081609000,3.33260888671875,-0.760654628276825,0.4107475280761719,1.2873426675796509
1772729644091608800,3.34260888671875,-1.0163848400115967,0.36328792572021484,1.3601816892623901
1772729644101609000,3.35260888671875,-1.183832049369812,0.2060699462890625,1.4818625450134277
1772729644111608800,3.36260888671875,-1.1022425889968872,-0.054345130920410156,1.562697410583496
1772729644121609000,3.37260888671875,-1.0168375968933105,-0.41780948638916016,1.6845958232879639
1772729644131608800,3.38260888671875,-1.0081053972244263,-0.7974357604980469,1.8274376392364502
1772729644141609000,3.39260888671875,-1.036932110786438,-1.0506086349487305,1.8230493068695068
1772729644151608800,3.40260888671875,-1.1955103874206543,-1.0576534271240234,1.6171919107437134
1772729644161609000,3.41260888671875,-1.3522056341171265,-0.7828302383422852,1.2259560823440552
1772729644171608800,3.42260888671875,-1.3334269523620605,-0.3285226821899414,0.748870849609375
1772729644181609000,3.43260888671875,-0.9794788956642151,0.0040264129638671875,0.33447790145874023
1772729644191608800,3.44260888671875,-0.4145376682281494,-0.008400917053222656,0.15324854850769043
1772729644201609000,3.45260888671875,0.1866803765296936,-0.3230705261230469,0.21040105819702148
1772729644211608800,3.46260888671875,0.4704331159591675,-0.7362031936645508,0.4313998222351074
1772729644221609000,3.47260888671875,0.18062865734100342,-0.8642921447753906,0.5529919862747192
1772729644231608800,3.48260888671875,-0.6262099146842957,-0.5763740539550781,0.4703977108001709
1772729644241609000,3.49260888671875,-1.532773733139038,0.06513309478759766,0.3256126642227173
1772729644251608800,3.50260888671875,-2.3478667736053467,0.5318613052368164,0.30729973316192627
1772729644261609000,3.51260888671875,-2.975137233734131,0.41629791259765625,0.5031814575195312
1772729644271608800,3.52260888671875,-3.3896751403808594,-0.0074863433837890625,0.7277519702911377
1772729644281609000,3.53260888671875,-3.3401172161102295,-0.575408935546875,0.9501664638519287
1772729644291608800,3.54260888671875,-3.339111328125,-0.9022006988525391,1.0100483894348145
1772729644301609000,3.55260888671875,-3.0872912406921387,-1.1661500930786133,0.7351207733154297
1772729644311608800,3.56260888671875,-2.72381591796875,-1.2917776107788086,0.23413431644439697
1772729644321609000,3.57260888671875,-2.557583808898926,-1.1181955337524414,-0.2641068696975708
1772729644331608800,3.58260888671875,-2.011772394180298,-0.4924163818359375,-0.8155406713485718
1772729644341609000,3.59260888671875,-1.623570203781128,0.4026632308959961,-1.2934576272964478
1772729644351608800,3.60260888671875,-1.1809463500976562,1.2365236282348633,-1.781686544418335
1772729644361609000,3.61260888671875,-0.6931494474411011,1.6810827255249023,-1.820060133934021
1772729644371608800,3.62260888671875,-0.2593277394771576,1.6273298263549805,-1.2713241577148438
1772729644381609000,3.63260888671875,-0.6224344968795776,1.3224077224731445,-0.3104441165924072
1772729644391608800,3.64260888671875,-1.1007909774780273,0.9798488616943359,0.6147241592407227
1772729644401609000,3.65260888671875,-1.411109447479248,0.5780420303344727,1.3610295057296753
1772729644411608800,3.66260888671875,-1.8590673208236694,0.22145843505859375,1.6669481992721558
1772729644421609000,3.67260888671875,-2.248115062713623,0.14307117462158203,1.4630024433135986
1772729644431608800,3.68260888671875,-2.177034378051758,0.40370941162109375,0.9246445894241333
1772729644441609000,3.69260888671875,-1.7271257638931274,0.8590068817138672,0.3223530054092407
1772729644451608800,3.70260888671875,-1.299782395362854,1.228531837463379,-0.04565298557281494
1772729644461609000,3.71260888671875,-1.112249732017517,1.4833192825317383,-0.10849368572235107
1772729644471608800,3.72260888671875,-1.2840865850448608,1.5625114440917969,0.276658296585083
1772729644481609000,3.73260888671875,-1.4436595439910889,1.5679130554199219,0.6180754899978638
1772729644491608800,3.74260888671875,-1.5919886827468872,1.5651888847351074,0.37438154220581055
1772729644501609000,3.75260888671875,-2.192293167114258,1.2563486099243164,-0.32843518257141113
1772729644511608800,3.76260888671875,-2.7389235496520996,0.6761350631713867,-1.314450979232788
1772729644521609000,3.77260888671875,-2.865535020828247,-0.08856201171875,-2.1731925010681152
1772729644531608800,3.78260888671875,-2.9614996910095215,-0.815251350402832,-2.534348487854004
1772729644541609000,3.79260888671875,-3.192962408065796,-1.236649513244629,-2.2158291339874268
1772729644551608800,3.80260888671875,-3.024141788482666,-1.2616825103759766,-1.2588253021240234
1772729644561609000,3.81260888671875,-2.285097599029541,-1.0761423110961914,0.04145097732543945
1772729644571608800,3.82260888671875,-0.017392516136169434,-0.4512672424316406,0.4187288284301758
1772729644581609000,3.83260888671875,1.9907549619674683,-0.5343294143676758,0.08012104034423828
1772729644591608800,3.84260888671875,3.0519814491271973,-1.437342643737793,-1.1492257118225098
1772729644601609000,3.85260888671875,1.8923953771591187,-2.854304313659668,-1.9306175708770752
1772729644611608800,3.86260888671875,-0.4519340395927429,-3.3208322525024414,-1.2665321826934814
1772729644621609000,3.87260888671875,-2.275007963180542,-2.336733818054199,-0.2389819622039795
1772729644631608800,3.88260888671875,-3.0312349796295166,-0.956669807434082,0.496063232421875
1772729644641609000,3.89260888671875,-3.7201333045959473,0.08032512664794922,0.9169943928718567
1772729644651608800,3.90260888671875,-4.555788993835449,0.49207592010498047,1.1193625926971436
1772729644661609000,3.91260888671875,-4.57582426071167,-0.20652198791503906,1.7266218662261963
1772729644671608800,3.92260888671875,-4.0099616050720215,-1.783884048461914,2.572269916534424
1772729644681609000,3.93260888671875,-3.656280040740967,-3.481184959411621,3.304199695587158
1772729644691608800,3.94260888671875,-3.6395986080169678,-4.37568473815918,3.6705563068389893
1772729644701609000,3.95260888671875,-3.8412444591522217,-4.266152381896973,3.7748422622680664
1772729644711608800,3.96260888671875,-3.8449440002441406,-2.845168113708496,3.4533309936523438
1772729644721609000,3.97260888671875,-3.2639360427856445,-1.2455053329467773,2.7227516174316406
1772729644731608800,3.98260888671875,-2.4495558738708496,-0.2761964797973633,1.3478608131408691
1772729644741609000,3.99260888671875,-2.1262776851654053,0.3434114456176758,-0.16825270652770996
1772729644751608800,4.00260888671875,-2.057788372039795,0.6659488677978516,-1.0961658954620361
1772729644761609000,4.01260888671875,-1.9758015871047974,0.8467645645141602,-1.0891895294189453
1772729644771608800,4.02260888671875,-1.548567533493042,0.976283073425293,-0.7547011375427246
1772729644781609000,4.03260888671875,-1.0409311056137085,0.9970464706420898,-0.867436408996582
1772729644791608800,4.04260888671875,-0.7722018361091614,1.1660137176513672,-0.6450442671775818
1772729644801609000,4.05260888671875,-0.3768408000469208,1.3171672821044922,0.6557582020759583
1772729644811608800,4.06260888671875,0.2608736753463745,1.1213226318359375,0.5535495281219482
1772729644821609000,4.07260888671875,0.7249701023101807,0.9907522201538086,-0.2180892527103424
1772729644831608800,4.08260888671875,2.2349493503570557,0.6879711151123047,-2.295950174331665
1772729644841609000,4.09260888671875,2.9998388290405273,0.1395702362060547,-5.216008186340332
1772729644851608800,4.10260888671875,3.2111806869506836,-0.8718891143798828,-7.705860614776611
1772729644861609000,4.11260888671875,3.3731400966644287,-2.3165664672851562,-9.005925178527832
1772729644871608800,4.12260888671875,3.8721115589141846,-3.4311132431030273,-9.095341682434082
1772729644881609000,4.13260888671875,4.280107021331787,-3.9574480056762695,-7.262941837310791
1772729644891608800,4.14260888671875,4.008414268493652,-4.137323379516602,-3.5696892738342285
1772729644901609000,4.15260888671875,3.232534646987915,-3.834911346435547,-0.6491296291351318
1772729644911608800,4.16260888671875,2.2177276611328125,-3.233321189880371,0.5963248014450073
1772729644921609000,4.17260888671875,0.9692391157150269,-2.161494255065918,1.7376587390899658
1772729644931608800,4.18260888671875,0.33981257677078247,-0.7385425567626953,2.684335470199585
1772729644941609000,4.19260888671875,0.5972499847412109,0.5948505401611328,3.2197916507720947
1772729644951608800,4.20260888671875,1.374338150024414,1.9475345611572266,3.0033864974975586
1772729644961609000,4.21260888671875,2.2550041675567627,2.9473867416381836,2.61554217338562
1772729644971608800,4.22260888671875,2.995542526245117,3.482656478881836,2.3091907501220703
1772729644981609000,4.23260888671875,3.6638429164886475,3.746128559112549,1.8275651931762695
1772729644991608800,4.24260888671875,4.034070014953613,3.8469953536987305,1.2907743453979492
1772729645001609000,4.25260888671875,4.399015426635742,3.8440728187561035,0.6303448677062988
1772729645011608800,4.26260888671875,4.512753486633301,3.9156994819641113,-1.0325102806091309
1772729645021609000,4.27260888671875,3.8999948501586914,3.5439515113830566,-2.445559501647949
1772729645031608800,4.28260888671875,2.342797040939331,2.8511548042297363,-3.0332698822021484
1772729645041609000,4.29260888671875,0.35126352310180664,2.170316219329834,-3.5374040603637695
1772729645051608800,4.30260888671875,-1.7729363441467285,0.6875958442687988,-4.474710941314697
1772729645061609000,4.31260888671875,-3.359145164489746,-1.4161758422851562,-5.668511390686035
1772729645071608800,4.32260888671875,-3.7918906211853027,-2.6326680183410645,-6.528243064880371
1772729645081609000,4.33260888671875,-3.8337438106536865,-3.007127285003662,-6.511707305908203
1772729645091608800,4.34260888671875,-3.539299488067627,-3.1406664848327637,-4.267302513122559
1772729645101609000,4.35260888671875,-2.36460542678833,-3.6931557655334473,-1.1673731803894043
1772729645111608800,4.36260888671875,-1.8737232685089111,-3.97611141204834,0.7163362503051758
1772729645121609000,4.37260888671875,-1.9906055927276611,-3.997628688812256,1.2745599746704102
1772729645131608800,4.38260888671875,-1.8613145351409912,-3.311474084854126,1.2918148040771484
1772729645141609000,4.39260888671875,-1.7035164833068848,-1.9580717086791992,1.070439338684082
1772729645151608800,4.40260888671875,-1.6045098304748535,0.01654338836669922,0.4742622375488281
1772729645161609000,4.41260888671875,-1.1555688381195068,0.8576838970184326,-0.022363662719726562
1772729645171608800,4.42260888671875,-0.6135580539703369,0.18050968647003174,0.13542842864990234
1772729645181609000,4.43260888671875,0.6156947612762451,0.18915939331054688,-0.707489013671875
1772729645191608800,4.44260888671875,-0.7121987342834473,0.5545849800109863,-1.2759838104248047
1772729645201609000,4.45260888671875,-2.047290086746216,1.9951527118682861,-1.0364112854003906
1772729645211608800,4.46260888671875,-2.011826276779175,1.2482690811157227,0.5344362258911133
1772729645221609000,4.47260888671875,-1.7713310718536377,0.14194324612617493,2.4892144203186035
1772729645231608800,4.48260888671875,-2.092735767364502,-0.3580988049507141,4.300583839416504
1772729645241609000,4.49260888671875,-2.6152405738830566,-1.1910934448242188,5.687234878540039
1772729645251608800,4.50260888671875,-3.5115201473236084,-1.7801642417907715,6.571018218994141
1772729645261609000,4.51260888671875,-3.626605987548828,-1.891413688659668,6.606589317321777
1772729645271608800,4.52260888671875,-3.042605400085449,-1.7189362049102783,6.132975101470947
1772729645281609000,4.53260888671875,-2.058579206466675,-1.5229986906051636,5.575387001037598
1772729645291608800,4.54260888671875,-1.0824365615844727,-1.3725956678390503,5.206366062164307
1772729645301609000,4.55260888671875,-0.8019049167633057,-0.6710132360458374,5.110861778259277
1772729645311608800,4.56260888671875,-1.0777099132537842,-0.28869324922561646,5.12506103515625
1772729645321609000,4.57260888671875,-0.6266651153564453,-0.6090520024299622,5.233991622924805
1772729645331608800,4.58260888671875,-1.1436593532562256,-1.1437617540359497,5.704282760620117
1772729645341609000,4.59260888671875,-1.3484385013580322,-1.8953295946121216,6.1464314460754395
1772729645351608800,4.60260888671875,-0.6190261840820312,-3.061981201171875,5.782437324523926
1772729645361609000,4.61260888671875,-0.025850534439086914,-3.7200779914855957,5.147022724151611
1772729645371608800,4.62260888671875,2.4046549797058105,-6.488832950592041,3.5886497497558594
1772729645381609000,4.63260888671875,-0.927027702331543,-6.030302047729492,3.029327392578125
1772729645391608800,4.64260888671875,-0.9189774990081787,-6.8822126388549805,2.536172389984131
1772729645401609000,4.65260888671875,-1.2918109893798828,-7.065337181091309,0.7835969924926758
1772729645411608800,4.66260888671875,-3.6001362800598145,-4.591514587402344,-0.18164825439453125
1772729645421609000,4.67260888671875,-2.9256532192230225,-3.5634615421295166,-2.164945602416992
1772729645431608800,4.68260888671875,-1.6246542930603027,-2.3006978034973145,-4.252104759216309
1772729645441609000,4.69260888671875,-0.6776049137115479,-0.30814146995544434,-4.889775276184082
1772729645451608800,4.70260888671875,-0.37336575984954834,1.2786016464233398,-4.572299957275391
1772729645461609000,4.71260888671875,-1.0301910638809204,2.4821321964263916,-4.252201080322266
1772729645471608800,4.72260888671875,-2.0187978744506836,3.655386447906494,-3.842723846435547
1772729645481609000,4.73260888671875,-3.43573260307312,4.546070575714111,-3.301081657409668
1772729645491608800,4.74260888671875,-3.7270255088806152,4.585831642150879,-2.513650894165039
1772729645501609000,4.75260888671875,-3.377821445465088,4.19560432434082,-1.9110698699951172
1772729645511608800,4.76260888671875,-3.323430061340332,3.464456796646118,-1.4267559051513672
1772729645521609000,4.77260888671875,-3.11495041847229,3.5966317653656006,-0.6739225387573242
1772729645531608800,4.78260888671875,-3.02156925201416,4.183124542236328,0.4405355453491211
1772729645541609000,4.79260888671875,-2.8194966316223145,4.34129524230957,1.3733024597167969
1772729645551608800,4.80260888671875,-2.414818286895752,3.9286069869995117,1.7202563285827637
1772729645561609000,4.81260888671875,-2.1789755821228027,3.2206056118011475,1.7079744338989258
1772729645571608800,4.82260888671875,-2.382580518722534,2.6860132217407227,1.2829465866088867
1772729645581609000,4.83260888671875,-2.3232624530792236,2.341719627380371,0.689079761505127
1772729645591608800,4.84260888671875,-1.9441863298416138,2.068406105041504,-0.00101470947265625
1772729645601609000,4.85260888671875,-1.6549617052078247,1.523186206817627,-0.7203559875488281
1772729645611608800,4.86260888671875,-1.1581839323043823,0.7374377250671387,-1.6124906539916992
1772729645621609000,4.87260888671875,-0.5273671746253967,-0.3022308349609375,-2.6094961166381836
1772729645631608800,4.88260888671875,-0.15733540058135986,-1.4793157577514648,-3.8394923210144043
1772729645641609000,4.89260888671875,0.10222595930099487,-2.405294418334961,-4.891088485717773
1772729645651608800,4.90260888671875,0.4233644902706146,-2.367159843444824,-5.39796257019043
1772729645661609000,4.91260888671875,0.4307604134082794,-1.545680046081543,-5.290536403656006
1772729645671608800,4.92260888671875,0.13906089961528778,-0.45940113067626953,-4.616565704345703
1772729645681609000,4.93260888671875,-0.009861379861831665,0.6377134323120117,-3.784024238586426
1772729645691608800,4.94260888671875,-0.2386227548122406,1.243342399597168,-2.821424961090088
1772729645701609000,4.95260888671875,-0.7113987803459167,1.1862573623657227,-1.937370777130127
1772729645711608800,4.96260888671875,-1.0317944288253784,0.576869010925293,-0.9753818511962891
1772729645721609000,4.97260888671875,-1.0165109634399414,-0.2330760955810547,0.19076108932495117
1772729645731608800,4.98260888671875,-1.0351495742797852,-0.7794361114501953,1.160552978515625
1772729645741609000,4.99260888671875,-0.955138087272644,-0.957362174987793,1.1885547637939453
1772729645751608800,5.00260888671875,-0.733132004737854,-0.8314638137817383,0.37026500701904297
1772729645761609000,5.01260888671875,-0.5115232467651367,-0.631500244140625,-0.3024425506591797
1772729645771608800,5.02260888671875,-0.4795583188533783,-0.29036808013916016,-0.34654664993286133
1772729645781609000,5.03260888671875,-0.6339444518089294,0.3927650451660156,0.35839366912841797
1772729645791608800,5.04260888671875,-0.7093147039413452,1.0876836776733398,1.727189540863037
1772729645801609000,5.05260888671875,-0.6032323837280273,1.136962890625,3.3592207431793213
1772729645811608800,5.06260888671875,-0.26958978176116943,0.4724159240722656,4.84085750579834
1772729645821609000,5.07260888671875,0.3462476134300232,-0.5934991836547852,5.666493892669678
1772729645831608800,5.08260888671875,1.1609665155410767,-1.7238988876342773,5.736937999725342
1772729645841609000,5.09260888671875,1.5176748037338257,-2.4586801528930664,4.762111663818359
1772729645851608800,5.10260888671875,0.7873430252075195,-2.7262840270996094,3.3679702281951904
1772729645861609000,5.11260888671875,0.018371105194091797,-2.481201171875,1.9800121784210205
1772729645871608800,5.12260888671875,-0.3666760325431824,-1.8171567916870117,0.3641451597213745
1772729645881609000,5.13260888671875,0.025915861129760742,-1.261495590209961,-1.5917298793792725
1772729645891608800,5.14260888671875,0.6468954682350159,-0.8598556518554688,-3.383155107498169
1772729645901609000,5.15260888671875,0.7708401679992676,-0.5559864044189453,-4.489372730255127
1772729645911608800,5.16260888671875,-0.050747573375701904,-0.3689393997192383,-4.470178604125977
1772729645921609000,5.17260888671875,-2.4366207122802734,-0.2411661148071289,-3.9736499786376953
1772729645931608800,5.18260888671875,-5.031134128570557,0.2489795684814453,-3.6805055141448975
1772729645941609000,5.19260888671875,-6.4822998046875,1.7596006393432617,-2.8322997093200684
1772729645951608800,5.20260888671875,-6.125082492828369,4.099395751953125,-2.1356937885284424
1772729645961609000,5.21260888671875,-5.650431156158447,5.668508529663086,-2.3467397689819336
1772729645971608800,5.22260888671875,-5.243937969207764,6.125491142272949,-2.9224419593811035
1772729645981609000,5.23260888671875,-4.43245267868042,5.343564987182617,-3.6788272857666016
1772729645991608800,5.24260888671875,-3.187986135482788,3.155219554901123,-4.812756538391113
1772729646001609000,5.25260888671875,-2.149385690689087,0.045767784118652344,-5.403395175933838
1772729646011608800,5.26260888671875,-1.8394267559051514,-3.0417861938476562,-5.050498008728027
1772729646021609000,5.27260888671875,-2.8069190979003906,-4.910000801086426,-3.7455742359161377
1772729646031608800,5.28260888671875,-4.178636074066162,-4.684343338012695,-1.8739497661590576
1772729646041609000,5.29260888671875,-5.069344520568848,-2.4993629455566406,-0.28141915798187256
1772729646051608800,5.30260888671875,-5.626616954803467,0.4761009216308594,0.28860557079315186
1772729646061609000,5.31260888671875,-6.473166465759277,3.0981364250183105,0.42032861709594727
1772729646071608800,5.32260888671875,-7.055194854736328,4.447765350341797,0.4358047842979431
1772729646081609000,5.33260888671875,-7.124581336975098,4.249109268188477,0.4792405366897583
1772729646091608800,5.34260888671875,-6.472147464752197,3.141847610473633,0.4970057010650635
1772729646101609000,5.35260888671875,-5.783899784088135,1.5468006134033203,0.6665561199188232
1772729646111608800,5.36260888671875,-5.263154983520508,-0.1394052505493164,1.0187009572982788
1772729646121609000,5.37260888671875,-4.711589813232422,-1.5116357803344727,1.411078929901123
1772729646131608800,5.38260888671875,-4.2556891441345215,-2.2328577041625977,1.7309316396713257
1772729646141609000,5.39260888671875,-3.7793002128601074,-2.1506738662719727,1.771331787109375
1772729646151608800,5.40260888671875,-3.495253324508667,-1.6305408477783203,1.6558237075805664
1772729646161609000,5.41260888671875,-3.5795705318450928,-1.075617790222168,1.6115927696228027
1772729646171608800,5.42260888671875,-3.6742680072784424,-0.7432489395141602,1.676830768585205
1772729646181609000,5.43260888671875,-3.847810983657837,-0.668461799621582,1.7317070960998535
1772729646191608800,5.44260888671875,-3.942408561706543,-0.6941947937011719,1.7577776908874512
1772729646201609000,5.45260888671875,-4.023191452026367,-0.8040008544921875,1.7090321779251099
1772729646211608800,5.46260888671875,-3.7880196571350098,-1.0487003326416016,1.5590407848358154
1772729646221609000,5.47260888671875,-3.438931465148926,-1.2954187393188477,1.368135929107666
1772729646231608800,5.48260888671875,-3.2429041862487793,-1.3678789138793945,1.4631497859954834
1772729646241609000,5.49260888671875,-3.120293140411377,-1.1119613647460938,2.042600631713867
1772729646251608800,5.50260888671875,-3.201467990875244,-0.8075618743896484,3.002901315689087
1772729646261609000,5.51260888671875,-3.2807533740997314,-0.6909780502319336,4.083982944488525
1772729646271608800,5.52260888671875,-3.2475388050079346,-0.7073888778686523,5.032209396362305
1772729646281609000,5.53260888671875,-3.0332441329956055,-0.8615741729736328,5.6087212562561035
1772729646291608800,5.54260888671875,-2.406970739364624,-1.2229194641113281,5.793600082397461
1772729646301609000,5.55260888671875,-1.5833226442337036,-1.696187973022461,5.421551704406738
1772729646311608800,5.56260888671875,-0.9491904973983765,-2.172398567199707,4.769033432006836
1772729646321609000,5.57260888671875,-0.7490208148956299,-2.514248847961426,4.241950035095215
1772729646331608800,5.58260888671875,-1.1272298097610474,-2.710226058959961,4.147315502166748
1772729646341609000,5.59260888671875,-0.9892578721046448,-2.658440589904785,4.3007917404174805
1772729646351608800,5.60260888671875,-1.2116217613220215,-2.5511159896850586,4.803759574890137
1772729646361609000,5.61260888671875,-1.5774073600769043,-2.295779228210449,5.119990825653076
1772729646371608800,5.62260888671875,-1.540380597114563,-2.0434865951538086,5.1461639404296875
1772729646381609000,5.63260888671875,-1.4112440347671509,-1.7688674926757812,4.870698928833008
1772729646391608800,5.64260888671875,-1.4645609855651855,-1.3689441680908203,4.305176734924316
1772729646401609000,5.65260888671875,-1.4717055559158325,-0.7757244110107422,3.7731566429138184
1772729646411608800,5.66260888671875,-1.4597516059875488,0.007586479187011719,3.310368299484253
1772729646421609000,5.67260888671875,-1.67781662940979,0.6242246627807617,3.00490140914917
1772729646431608800,5.68260888671875,-2.1041693687438965,0.9863014221191406,2.9235787391662598
1772729646441609000,5.69260888671875,-2.731478691101074,1.0744209289550781,2.777632713317871
1772729646451608800,5.70260888671875,-3.495497226715088,1.1046857833862305,2.59893798828125
1772729646461609000,5.71260888671875,-3.7937941551208496,1.2910327911376953,2.4432997703552246
1772729646471608800,5.72260888671875,-3.2925708293914795,1.6251554489135742,1.936477780342102
1772729646481609000,5.73260888671875,-2.0243377685546875,2.139545440673828,0.3401339650154114
1772729646491608800,5.74260888671875,-0.725774347782135,2.1649913787841797,-2.159498453140259
1772729646501609000,5.75260888671875,-1.5152792930603027,1.4071369171142578,-5.150923728942871
1772729646511608800,5.76260888671875,-2.783982515335083,0.50030517578125,-8.5756254196167
1772729646521609000,5.77260888671875,-4.69351863861084,0.4354877471923828,-10.237674713134766
1772729646531608800,5.78260888671875,-7.332659721374512,1.1345863342285156,-10.103578567504883
1772729646541609000,5.79260888671875,-9.576437950134277,2.023050308227539,-10.182231903076172
1772729646551608800,5.80260888671875,-9.951070785522461,2.8273096084594727,-11.51916790008545
1772729646561609000,5.81260888671875,-8.665889739990234,3.2989158630371094,-12.616260528564453
1772729646571608800,5.82260888671875,-6.177490711212158,2.487973213195801,-11.31348991394043
1772729646581609000,5.83260888671875,-3.723449945449829,1.8879919052124023,-8.877976417541504
1772729646591608800,5.84260888671875,-2.643965005874634,0.748866081237793,-6.344143867492676
1772729646601609000,5.85260888671875,-2.6053569316864014,-2.1614551544189453,-3.7913126945495605
1772729646611608800,5.86260888671875,-3.6713523864746094,-6.096122741699219,-1.6578421592712402
1772729646621609000,5.87260888671875,-4.272558689117432,-8.837198257446289,-0.22482776641845703
1772729646631608800,5.88260888671875,-5.39177942276001,-8.035585403442383,0.9140915870666504
1772729646641609000,5.89260888671875,-7.071764945983887,-5.7491302490234375,2.8208436965942383
1772729646651608800,5.90260888671875,-7.651575565338135,-3.7656984329223633,4.906250953674316
1772729646661609000,5.91260888671875,-7.486619472503662,-2.3118085861206055,8.055176734924316
1772729646671608800,5.92260888671875,-7.110474109649658,-1.636317253112793,12.273015022277832
1772729646681609000,5.93260888671875,-6.704428195953369,-1.7110815048217773,16.40095329284668
1772729646691608800,5.94260888671875,-4.728239059448242,-1.915757179260254,18.7747802734375
1772729646701609000,5.95260888671875,-1.7725094556808472,-1.3622398376464844,19.11106300354004
1772729646711608800,5.96260888671875,-0.09711730480194092,0.4315214157104492,17.802104949951172
1772729646721609000,5.97260888671875,1.3411248922348022,2.2393083572387695,16.37331199645996
1772729646731608800,5.98260888671875,2.2560267448425293,3.7311506271362305,14.645124435424805
1772729646741609000,5.99260888671875,3.203610420227051,4.6022186279296875,11.518486022949219
1772729646751608800,6.00260888671875,3.650881052017212,4.173776626586914,7.469322204589844
1772729646761609000,6.01260888671875,3.7140727043151855,4.289322376251221,3.2738406658172607
1772729646771608800,6.02260888671875,3.10024356842041,3.9753541946411133,-0.17484045028686523
1772729646781609000,6.03260888671875,1.6587324142456055,1.5128469467163086,-2.4667091369628906
1772729646791608800,6.04260888671875,0.9153835773468018,-1.3843393325805664,-3.999277114868164
1772729646801609000,6.05260888671875,-0.9928934574127197,-6.060256004333496,-3.1723408699035645
1772729646811608800,6.06260888671875,-1.4479990005493164,-10.37078857421875,-1.16168212890625
1772729646821609000,6.07260888671875,-1.033637523651123,-12.293891906738281,0.0319361686706543
1772729646831608800,6.08260888671875,0.35470104217529297,-11.145248413085938,0.44356393814086914
1772729646841609000,6.09260888671875,1.7862186431884766,-9.029958724975586,0.915128231048584
1772729646851608800,6.10260888671875,2.563100814819336,-6.4507222175598145,2.2856545448303223
1772729646861609000,6.11260888671875,3.5633840560913086,-3.106715202331543,2.9327754974365234
1772729646871608800,6.12260888671875,4.337227821350098,1.0544488430023193,1.1581811904907227
1772729646881609000,6.13260888671875,4.218935012817383,7.728982448577881,-3.6014223098754883
1772729646891608800,6.14260888671875,2.8830764293670654,11.936958312988281,-6.473671913146973
1772729646901609000,6.15260888671875,0.3344588279724121,11.730900764465332,-3.97023868560791
1772729646911608800,6.16260888671875,-1.1129555702209473,11.25146770477295,-2.1507835388183594
1772729646921609000,6.17260888671875,-2.1628918647766113,12.51072883605957,-3.494534492492676
1772729646931608800,6.18260888671875,-3.0254197120666504,13.825589179992676,-6.795476913452148
1772729646941609000,6.19260888671875,-4.3834333419799805,11.648147583007812,-8.943010330200195
1772729646951608800,6.20260888671875,-6.206940174102783,5.502850532531738,-11.038692474365234
1772729646961609000,6.21260888671875,-8.947090148925781,-1.146179437637329,-11.091157913208008
1772729646971608800,6.22260888671875,-10.535037994384766,-4.861081600189209,-6.581372261047363
1772729646981609000,6.23260888671875,-10.735387802124023,-6.469327926635742,0.46974658966064453
1772729646991608800,6.24260888671875,-10.859079360961914,-9.259952545166016,5.212361812591553
1772729647001609000,6.25260888671875,-6.648637294769287,-8.128852844238281,5.270116806030273
1772729647011608800,6.26260888671875,-0.9550175666809082,-2.6905717849731445,4.299075126647949
1772729647021609000,6.27260888671875,3.2196226119995117,1.4599626064300537,6.380928039550781
1772729647031608800,6.28260888671875,3.493408679962158,3.082510232925415,8.087543487548828
1772729647041609000,6.29260888671875,0.8497467041015625,3.890610456466675,6.390876770019531
1772729647051608800,6.30260888671875,-1.7234477996826172,4.216301918029785,5.7661590576171875
1772729647061609000,6.31260888671875,-2.5571300983428955,3.609335422515869,6.1224565505981445
1772729647071608800,6.32260888671875,-2.9004762172698975,2.9374465942382812,6.039917945861816
1772729647081609000,6.33260888671875,-3.1996781826019287,2.1558756828308105,5.623144626617432
1772729647091608800,6.34260888671875,-3.8850784301757812,1.111940860748291,5.084690570831299
1772729647101609000,6.35260888671875,-4.53360652923584,0.05354118347167969,4.008258819580078
1772729647111608800,6.36260888671875,-3.814222574234009,-1.0527539253234863,2.3336400985717773
1772729647121609000,6.37260888671875,-3.6595139503479004,-1.0586037635803223,0.7109966278076172
1772729647131608800,6.38260888671875,-3.6083362102508545,-0.13341450691223145,-0.481536865234375
1772729647141609000,6.39260888671875,-3.3287105560302734,1.2682647705078125,-1.2511234283447266
1772729647151608800,6.40260888671875,-3.5855820178985596,2.3520491123199463,-1.1800031661987305
1772729647161609000,6.41260888671875,-4.668488502502441,2.959778070449829,-0.6947841644287109
1772729647171608800,6.42260888671875,-5.821466445922852,3.5236573219299316,-0.30174827575683594
1772729647181609000,6.43260888671875,-6.5431294441223145,3.7620046138763428,-0.07412147521972656
1772729647191608800,6.44260888671875,-6.382751941680908,3.779118776321411,-0.30367374420166016
1772729647201609000,6.45260888671875,-6.085113525390625,3.664226531982422,-1.1837635040283203
1772729647211608800,6.46260888671875,-6.097862720489502,3.133687973022461,-2.1281204223632812
1772729647221609000,6.47260888671875,-6.213871479034424,2.412895679473877,-2.7393035888671875
1772729647231608800,6.48260888671875,-6.22725248336792,2.2369189262390137,-3.541536331176758
1772729647241609000,6.49260888671875,-6.474908351898193,2.4269957542419434,-3.9667129516601562
1772729647251608800,6.50260888671875,-6.384347915649414,3.0435385704040527,-3.2205991744995117
1772729647261609000,6.51260888671875,-6.00909948348999,4.129802703857422,-1.7798562049865723
1772729647271608800,6.52260888671875,-6.263654708862305,5.37772798538208,-0.2074270248413086
1772729647281609000,6.53260888671875,-6.384480953216553,6.235523223876953,1.2730755805969238
1772729647291608800,6.54260888671875,-7.565457344055176,6.362337112426758,2.8776659965515137
1772729647301609000,6.55260888671875,-8.326215744018555,6.592962741851807,3.810379981994629
1772729647311608800,6.56260888671875,-9.095548629760742,6.4214396476745605,4.367961406707764
1772729647321609000,6.57260888671875,-9.084232330322266,6.641035079956055,3.9085378646850586
1772729647331608800,6.58260888671875,-8.72587776184082,7.268441677093506,2.8500802516937256
1772729647341609000,6.59260888671875,-7.656112194061279,8.308858871459961,1.4895048141479492
1772729647351608800,6.60260888671875,-5.030420303344727,8.966854095458984,0.751042366027832
1772729647361609000,6.61260888671875,-4.652393817901611,9.411188125610352,0.6430442333221436
1772729647371608800,6.62260888671875,-1.929831862449646,7.291490077972412,1.9931950569152832
1772729647381609000,6.63260888671875,0.13292551040649414,0.2652606964111328,6.816752910614014
1772729647391608800,6.64260888671875,0.4649841785430908,-10.301400184631348,13.438373565673828
1772729647401609000,6.65260888671875,0.17293775081634521,-20.22549819946289,15.798285484313965
1772729647411608800,6.66260888671875,7.1454691886901855,-27.09200668334961,14.00217056274414
1772729647421609000,6.67260888671875,18.28019905090332,-30.179943084716797,9.588654518127441
1772729647431608800,6.68260888671875,4.6880202293396,-25.642072677612305,5.775015830993652
1772729647441609000,6.69260888671875,-6.844335556030273,-20.047149658203125,6.255368709564209
1772729647451608800,6.70260888671875,-8.78249454498291,-9.153733253479004,6.0983686447143555
1772729647461609000,6.71260888671875,-7.217886924743652,2.402808666229248,6.551990509033203
1772729647471608800,6.72260888671875,-5.674106121063232,7.836795806884766,7.270681381225586
1772729647481609000,6.73260888671875,-5.040476322174072,7.779829978942871,6.283390522003174
1772729647491608800,6.74260888671875,-4.975361347198486,4.649839401245117,4.925816535949707
1772729647501609000,6.75260888671875,-2.9699697494506836,-0.4740314483642578,1.6503469944000244
1772729647511608800,6.76260888671875,-0.01783210039138794,-5.290633201599121,-1.7561085224151611
1772729647521609000,6.77260888671875,1.1541833877563477,-9.57079792022705,-3.08770751953125
1772729647531608800,6.78260888671875,0.016227126121520996,-11.320178031921387,-3.259248733520508
1772729647541609000,6.79260888671875,-0.3756272792816162,-8.244242668151855,-2.693141222000122
1772729647551608800,6.80260888671875,0.043769776821136475,-2.807577133178711,-1.6894675493240356
1772729647561609000,6.81260888671875,-1.3066940307617188,2.1565980911254883,-1.4706206321716309
1772729647571608800,6.82260888671875,-3.565931797027588,5.2172441482543945,-1.3714449405670166
1772729647581609000,6.83260888671875,-4.737934589385986,6.796072483062744,-1.127983570098877
1772729647591608800,6.84260888671875,-4.194195747375488,7.2848639488220215,-0.5689969062805176
1772729647601609000,6.85260888671875,-3.4095678329467773,7.1092143058776855,0.2738952338695526
1772729647611608800,6.86260888671875,-2.852264881134033,6.649691104888916,0.7271887063980103
1772729647621609000,6.87260888671875,-2.258370876312256,6.094674110412598,0.7786549925804138
1772729647631608800,6.88260888671875,-1.0151042938232422,5.524125099182129,0.09748207032680511
1772729647641609000,6.89260888671875,0.03150373697280884,4.539213180541992,-0.9065312147140503
1772729647651608800,6.90260888671875,0.2370901107788086,3.041841506958008,-1.5862458944320679
1772729647661609000,6.91260888671875,-0.1716427206993103,1.5156288146972656,-1.7330029010772705
1772729647671608800,6.92260888671875,-0.7038517594337463,0.18024635314941406,-1.1512609720230103
1772729647681609000,6.93260888671875,-1.1776854991912842,-0.7283010482788086,0.07217078655958176
1772729647691608800,6.94260888671875,-1.7109909057617188,-1.8046913146972656,1.4132652282714844
1772729647701609000,6.95260888671875,-2.54508900642395,-2.6660470962524414,2.4817757606506348
1772729647711608800,6.96260888671875,-3.055891275405884,-2.9300689697265625,3.174297571182251
1772729647721609000,6.97260888671875,-3.199233293533325,-2.231705665588379,3.6276843547821045
1772729647731608800,6.98260888671875,-2.6157267093658447,-1.069197654724121,3.765522003173828
1772729647741609000,6.99260888671875,-1.1026673316955566,-0.4954652786254883,3.9100871086120605
1772729647751608800,7.00260888671875,-0.51191246509552,-0.7135410308837891,4.285104751586914
1772729647761609000,7.01260888671875,-0.8709748387336731,-0.30447864532470703,5.049197673797607
1772729647771608800,7.02260888671875,-1.3313446044921875,0.5304899215698242,5.6758036613464355
1772729647781609000,7.03260888671875,-1.3897876739501953,0.7101736068725586,5.346038341522217
1772729647791608800,7.04260888671875,-0.9692276120185852,0.42075634002685547,4.772876262664795
1772729647801609000,7.05260888671875,-0.08379862457513809,-0.5912837982177734,3.7287180423736572
1772729647811608800,7.06260888671875,0.43683239817619324,-1.1426010131835938,2.1623682975769043
1772729647821609000,7.07260888671875,0.31982654333114624,-0.7128629684448242,0.78342205286026
1772729647831608800,7.08260888671875,-0.0018451772630214691,0.007102012634277344,-0.42101019620895386
1772729647841609000,7.09260888671875,-0.47169041633605957,0.7223091125488281,-1.267272710800171
1772729647851608800,7.10260888671875,-0.9444687962532043,1.253342628479004,-1.6354777812957764
1772729647861609000,7.11260888671875,-1.356092929840088,1.4946422576904297,-1.676749348640442
1772729647871608800,7.12260888671875,-1.3064767122268677,1.5436601638793945,-1.6247589588165283
1772729647881609000,7.13260888671875,-0.8605089783668518,1.3540582656860352,-1.5148104429244995
1772729647891608800,7.14260888671875,-0.4195421636104584,0.8315372467041016,-1.1243627071380615
1772729647901609000,7.15260888671875,-0.16614104807376862,0.3896656036376953,-0.7220686078071594
1772729647911608800,7.16260888671875,-0.16638199985027313,0.3820352554321289,-0.5041355490684509
1772729647921609000,7.17260888671875,-0.15068836510181427,0.574650764465332,-0.396165132522583
1772729647931608800,7.18260888671875,-0.08536934852600098,0.7093019485473633,-0.28474730253219604
1772729647941609000,7.19260888671875,-0.1275404840707779,0.6174497604370117,-0.27212196588516235
1772729647951608800,7.20260888671875,-0.19918854534626007,0.28544139862060547,-0.4949790835380554
1772729647961609000,7.21260888671875,-0.35655245184898376,-0.03838920593261719,-0.9025814533233643
1772729647971608800,7.22260888671875,-1.0684150457382202,-0.6431732177734375,-1.1583096981048584
1772729647981609000,7.23260888671875,-0.7687462568283081,-1.3165178298950195,-1.0337929725646973
1772729647991608800,7.24260888671875,0.14926882088184357,-1.4828376770019531,-1.122621774673462
1772729648001609000,7.25260888671875,-0.06230303645133972,-0.9204111099243164,-1.0293381214141846
1772729648011608800,7.26260888671875,-0.15481165051460266,-0.025562286376953125,-1.013759732246399
1772729648021609000,7.27260888671875,-0.20750021934509277,0.31920909881591797,-0.8300343155860901
1772729648031608800,7.28260888671875,-0.8724888563156128,0.20308494567871094,0.19977562129497528
1772729648041609000,7.29260888671875,-0.9805077910423279,0.6640939712524414,1.0427175760269165
1772729648051608800,7.30260888671875,-1.1702226400375366,0.8668556213378906,1.8186044692993164
1772729648061609000,7.31260888671875,-0.966749906539917,0.5140113830566406,2.184288740158081
1772729648071608800,7.32260888671875,-0.6882320046424866,-0.11161613464355469,2.088346004486084
1772729648081609000,7.33260888671875,-0.33427995443344116,-0.7049388885498047,1.784380555152893
1772729648091608800,7.34260888671875,0.32361987233161926,-1.1315155029296875,1.714105486869812
1772729648101609000,7.35260888671875,0.5758776664733887,-1.2863683700561523,1.5450336933135986
1772729648111608800,7.36260888671875,0.6137329339981079,-1.2000198364257812,1.5674315690994263
1772729648121609000,7.37260888671875,0.6069076061248779,-1.0639457702636719,1.7460753917694092
1772729648131608800,7.38260888671875,0.536979615688324,-0.8211879730224609,1.5791212320327759
1772729648141609000,7.39260888671875,0.068593829870224,-0.752446174621582,1.1739519834518433
1772729648151608800,7.40260888671875,-0.30801475048065186,-0.4090309143066406,0.7860646843910217
1772729648161609000,7.41260888671875,-0.3507712483406067,-0.11076545715332031,0.3041031062602997
1772729648171608800,7.42260888671875,-0.19569748640060425,0.006623268127441406,-0.047349005937576294
1772729648181609000,7.43260888671875,0.13844755291938782,0.2807645797729492,-0.06749081611633301
1772729648191608800,7.44260888671875,0.4411548376083374,0.4367952346801758,-0.011699050664901733
1772729648201609000,7.45260888671875,0.5359340906143188,0.34499263763427734,0.07235067337751389
1772729648211608800,7.46260888671875,0.5219720602035522,0.1639547348022461,0.18630701303482056
1772729648221609000,7.47260888671875,0.422935426235199,-0.061748504638671875,0.3243240416049957
1772729648231608800,7.48260888671875,0.14605435729026794,-0.3575000762939453,0.4455989897251129
1772729648241609000,7.49260888671875,-0.15348272025585175,-0.5251293182373047,0.5981729030609131
1772729648251608800,7.50260888671875,-0.31919801235198975,-0.4538612365722656,0.8741865158081055
1772729648261609000,7.51260888671875,-0.33218345046043396,-0.3310537338256836,1.2455986738204956
1772729648271608800,7.52260888671875,-0.34171006083488464,-0.28252315521240234,1.4763436317443848
1772729648281609000,7.53260888671875,-0.2434513419866562,-0.2630281448364258,1.5878649950027466
1772729648291608800,7.54260888671875,-0.20655624568462372,-0.33172130584716797,1.547598123550415
1772729648301609000,7.55260888671875,-0.18030647933483124,-0.3574485778808594,1.3069223165512085
1772729648311608800,7.56260888671875,-0.24339626729488373,-0.33357810974121094,1.0189225673675537
1772729648321609000,7.57260888671875,-0.4054875373840332,-0.5825290679931641,0.3689647912979126
1772729648331608800,7.58260888671875,-0.29319536685943604,-0.27908992767333984,0.6336770057678223
1772729648341609000,7.59260888671875,-0.4502253532409668,-0.032294273376464844,0.4828214645385742
1772729648351608800,7.60260888671875,-0.06752186268568039,0.011281013488769531,0.44647017121315
1772729648361609000,7.61260888671875,-0.14198479056358337,0.44676971435546875,0.9019544124603271
1772729648371608800,7.62260888671875,0.16265252232551575,0.3535127639770508,1.3352855443954468
1772729648381609000,7.63260888671875,1.0590367317199707,0.11655998229980469,0.9962263107299805
1772729648391608800,7.64260888671875,0.4571109414100647,-0.1139068603515625,0.4977208077907562
1772729648401609000,7.65260888671875,-0.19244679808616638,-0.8035163879394531,0.3066578805446625
1772729648411608800,7.66260888671875,-0.014501452445983887,-2.560635566711426,0.25143516063690186
1772729648421609000,7.67260888671875,-0.16881945729255676,-2.8082265853881836,0.2573425769805908
1772729648431608800,7.68260888671875,-0.5314087271690369,-2.0569801330566406,0.11415357142686844
1772729648441609000,7.69260888671875,0.024719059467315674,-2.1479969024658203,-0.21840618550777435
1772729648451608800,7.70260888671875,0.22627106308937073,-2.482050895690918,-0.4505094289779663
1772729648461609000,7.71260888671875,0.8757350444793701,-2.674746513366699,-0.41271793842315674
1772729648471608800,7.72260888671875,1.8786461353302002,-2.7244033813476562,0.051424942910671234
1772729648481609000,7.73260888671875,2.7748515605926514,-3.468815803527832,0.3856748938560486
1772729648491608800,7.74260888671875,2.585134267807007,-4.0822038650512695,0.07531192898750305
1772729648501609000,7.75260888671875,2.3857336044311523,-3.7201766967773438,-0.4088742136955261
1772729648511608800,7.76260888671875,1.5354012250900269,-3.030862808227539,-0.7611331939697266
1772729648521609000,7.77260888671875,0.6456254720687866,-3.50057315826416,-0.6686698198318481
1772729648531608800,7.78260888671875,-1.912928581237793,-2.7613162994384766,-0.6835519671440125
1772729648541609000,7.79260888671875,-2.3122315406799316,-2.2907028198242188,-0.7470108270645142
1772729648551608800,7.80260888671875,-2.1149349212646484,-3.3725805282592773,0.21328431367874146
1772729648561609000,7.81260888671875,-1.8233661651611328,-4.726573944091797,-0.742868185043335
1772729648571608800,7.82260888671875,-1.8182413578033447,-3.8211469650268555,-1.8454453945159912
1772729648581609000,7.83260888671875,-0.8670635223388672,-1.8586463928222656,-2.4951791763305664
1772729648591608800,7.84260888671875,1.1248531341552734,0.17531681060791016,-2.111071825027466
1772729648601609000,7.85260888671875,4.152148246765137,0.7719335556030273,-3.019329786300659
1772729648611608800,7.86260888671875,4.843364715576172,2.655093193054199,-4.398129463195801
1772729648621609000,7.87260888671875,5.282101154327393,2.667292594909668,-3.6380913257598877
1772729648631608800,7.88260888671875,2.932870864868164,1.8464369773864746,-0.31621289253234863
1772729648641609000,7.89260888671875,2.2063043117523193,1.6760082244873047,1.9313944578170776
1772729648651608800,7.90260888671875,2.4802350997924805,0.8881845474243164,2.436032772064209
1772729648661609000,7.91260888671875,1.2544817924499512,2.59970760345459,3.5213356018066406
1772729648671608800,7.92260888671875,7.320675849914551,1.39495849609375,-1.5332152843475342
1772729648681609000,7.93260888671875,27.001705169677734,2.4596786499023438,-10.340947151184082
1772729648691608800,7.94260888671875,13.197751998901367,11.887120246887207,-14.268091201782227
1772729648701609000,7.95260888671875,7.563207626342773,9.193427085876465,-9.922714233398438
1772729648711608800,7.96260888671875,3.8053548336029053,5.609359264373779,-5.851257801055908
1772729648721609000,7.97260888671875,3.2156715393066406,2.472275733947754,-3.8516550064086914
1772729648731608800,7.98260888671875,3.055981159210205,-0.28248119354248047,-3.175597667694092
1772729648741609000,7.99260888671875,2.882702350616455,0.19260215759277344,-3.2049853801727295
1772729648751608800,8.00260888671875,3.1881871223449707,2.4562788009643555,-3.9079580307006836
1772729648761609000,8.01260888671875,3.5927088260650635,4.90397310256958,-5.017805576324463
1772729648771608800,8.02260888671875,5.330100059509277,6.16026496887207,-5.922031879425049
1772729648781609000,8.03260888671875,7.47530460357666,5.136879920959473,-7.467165470123291
1772729648791608800,8.04260888671875,8.013410568237305,1.3553733825683594,-9.761106491088867
1772729648801609000,8.05260888671875,4.576238632202148,-0.867711067199707,-12.832942962646484
1772729648811608800,8.06260888671875,2.5506720542907715,-1.2987842559814453,-15.064598083496094
1772729648821609000,8.07260888671875,2.9392895698547363,-1.7649736404418945,-16.53427505493164
1772729648831608800,8.08260888671875,3.658116579055786,-2.087392807006836,-17.355690002441406
1772729648841609000,8.09260888671875,2.971835136413574,-2.839862823486328,-17.08371353149414
1772729648851608800,8.10260888671875,1.888254165649414,-4.369382381439209,-15.732110977172852
1772729648861609000,8.11260888671875,0.732783317565918,-5.78701114654541,-13.467742919921875
1772729648871608800,8.12260888671875,-0.029720783233642578,-6.532686233520508,-11.104837417602539
1772729648881609000,8.13260888671875,-0.11217212677001953,-7.39121150970459,-9.68006706237793
1772729648891608800,8.14260888671875,0.3640933036804199,-7.990543842315674,-9.502557754516602
1772729648901609000,8.15260888671875,0.8420147895812988,-8.511648178100586,-10.257743835449219
1772729648911608800,8.16260888671875,1.2010459899902344,-8.884078979492188,-11.070107460021973
1772729648921609000,8.17260888671875,-0.25327301025390625,-9.175300598144531,-11.060813903808594
1772729648931608800,8.18260888671875,-1.041351318359375,-10.00023078918457,-10.256473541259766
1772729648941609000,8.19260888671875,-1.632615089416504,-10.273574829101562,-8.6713228225708
1772729648951608800,8.20260888671875,-2.154862403869629,-11.009698867797852,-6.391219139099121
1772729648961609000,8.21260888671875,-2.0786080360412598,-12.030052185058594,-4.271977424621582
1772729648971608800,8.22260888671875,-2.4658803939819336,-11.933704376220703,-3.1570141315460205
1772729648981609000,8.23260888671875,-3.1954784393310547,-11.903456687927246,-2.8365535736083984
1772729648991608800,8.24260888671875,-3.8223400115966797,-11.563130378723145,-3.0798377990722656
1772729649001609000,8.25260888671875,-4.756765842437744,-10.851422309875488,-3.4490208625793457
1772729649011608800,8.26260888671875,-5.161956787109375,-10.508909225463867,-3.3038344383239746
1772729649021609000,8.27260888671875,-5.029709815979004,-10.023130416870117,-2.3784408569335938
1772729649031608800,8.28260888671875,-4.5588274002075195,-9.360593795776367,-1.0970137119293213
1772729649041609000,8.29260888671875,-4.3868303298950195,-8.59030532836914,-0.03611898422241211
1772729649051608800,8.30260888671875,-4.253552436828613,-8.171836853027344,0.7277412414550781
1772729649061609000,8.31260888671875,-4.671892166137695,-7.717861175537109,0.8741352558135986
1772729649071608800,8.32260888671875,-5.020486831665039,-7.573631286621094,0.5783761739730835
1772729649081609000,8.33260888671875,-5.768721103668213,-7.424015045166016,-0.011747479438781738
1772729649091608800,8.34260888671875,-6.536262035369873,-7.042416572570801,-0.27543362975120544
1772729649101609000,8.35260888671875,-7.038156509399414,-6.360430717468262,-0.12154403328895569
1772729649111608800,8.36260888671875,-7.455160140991211,-5.52260684967041,0.30544549226760864
1772729649121609000,8.37260888671875,-7.521059036254883,-5.017388343811035,0.8832981586456299
1772729649131608800,8.38260888671875,-7.594719886779785,-4.395450592041016,1.0343875885009766
1772729649141609000,8.39260888671875,-7.497321605682373,-3.7311131954193115,0.7687613368034363
1772729649151608800,8.40260888671875,-6.513253688812256,-3.547197103500366,1.1612374782562256
1772729649161609000,8.41260888671875,8.955537796020508,-2.2641172409057617,2.29921293258667
1772729649171608800,8.42260888671875,4.071162223815918,-1.0631351470947266,10.670736312866211
1772729649181609000,8.43260888671875,6.455699920654297,-0.5745644569396973,8.497196197509766
1772729649191608800,8.44260888671875,2.857250213623047,-1.7685546875,4.161042213439941
1772729649201609000,8.45260888671875,-1.6249275207519531,-4.008575439453125,-1.186659812927246
1772729649211608800,8.46260888671875,-2.2452354431152344,-3.783040761947632,-2.0333900451660156
1772729649221609000,8.47260888671875,-1.366755485534668,-2.4138617515563965,-1.369513988494873
1772729649231608800,8.48260888671875,-0.666987419128418,-1.3029918670654297,-1.466078758239746
1772729649241609000,8.49260888671875,-0.2860884666442871,-0.8226709365844727,-0.904080331325531
1772729649251608800,8.50260888671875,-0.4174623489379883,-1.1167187690734863,-0.41115128993988037
1772729649261609000,8.51260888671875,-0.678685188293457,-1.5888075828552246,-0.39006972312927246
1772729649271608800,8.52260888671875,-1.0004630088806152,-1.841169834136963,-0.17390203475952148
1772729649281609000,8.53260888671875,-0.970069408416748,-1.8722858428955078,0.7656149864196777
1772729649291608800,8.54260888671875,-0.8251156806945801,-1.876612663269043,1.429473638534546
1772729649301609000,8.55260888671875,-0.4944119453430176,-1.9434728622436523,1.7219834327697754
1772729649311608800,8.56260888671875,-0.2205948829650879,-2.1400532722473145,1.7000453472137451
1772729649321609000,8.57260888671875,-0.2919025421142578,-2.3542490005493164,1.6962108612060547
1772729649331608800,8.58260888671875,-0.6228609085083008,-2.2645511627197266,1.742301106452942
1772729649341609000,8.59260888671875,-0.7162079811096191,-1.901660442352295,1.6958050727844238
1772729649351608800,8.60260888671875,-0.6154365539550781,-1.3143539428710938,1.454966425895691
1772729649361609000,8.61260888671875,-0.3277740478515625,-0.7147541046142578,1.0014854669570923
1772729649371608800,8.62260888671875,-0.1084437370300293,-0.9058194160461426,0.6450923681259155
1772729649381609000,8.63260888671875,0.020300865173339844,-1.0094280242919922,0.4976705312728882
1772729649391608800,8.64260888671875,0.05981016159057617,-1.0245413780212402,0.27961933612823486
1772729649401609000,8.65260888671875,0.36169004440307617,-0.9563555717468262,0.029198646545410156
1772729649411608800,8.66260888671875,0.3733367919921875,-0.8017668724060059,-0.11297094821929932
1772729649421609000,8.67260888671875,-0.018035888671875,-0.5316376686096191,-0.14115214347839355
1772729649431608800,8.68260888671875,-0.46027088165283203,-0.2196807861328125,-0.09992682933807373
1772729649441609000,8.69260888671875,-0.8102507591247559,0.0451817512512207,-0.1297318935394287
1772729649451608800,8.70260888671875,-1.1692299842834473,0.2695598602294922,-0.1346343755722046
1772729649461609000,8.71260888671875,-1.65449857711792,0.48264646530151367,-0.08979010581970215
1772729649471608800,8.72260888671875,-2.358832359313965,0.896693229675293,-0.3449946641921997
1772729649481609000,8.73260888671875,-2.3357043266296387,1.4837875366210938,-0.6596224308013916
1772729649491608800,8.74260888671875,-1.9759745597839355,1.9423999786376953,-0.9549347162246704
1772729649501609000,8.75260888671875,-1.6360955238342285,1.8328261375427246,-1.0455231666564941
1772729649511608800,8.76260888671875,-1.200413703918457,1.3644213676452637,-0.8066626191139221
1772729649521609000,8.77260888671875,-0.9193377494812012,0.7912569046020508,-0.3595163822174072
1772729649531608800,8.78260888671875,-0.7915511131286621,0.3859586715698242,0.050711750984191895
1772729649541609000,8.79260888671875,-0.6792478561401367,0.07754802703857422,0.32089710235595703
1772729649551608800,8.80260888671875,-0.548548698425293,-0.22300958633422852,0.41121411323547363
1772729649561609000,8.81260888671875,-0.4672112464904785,-0.32578516006469727,0.4194962978363037
1772729649571608800,8.82260888671875,-0.2995119094848633,-0.27951478958129883,0.4690009355545044
1772729649581609000,8.83260888671875,-0.22922897338867188,-0.1709303855895996,0.4166971445083618
1772729649591608800,8.84260888671875,-0.3559408187866211,-0.09246969223022461,0.4116135835647583
1772729649601609000,8.85260888671875,-0.5352921485900879,-0.21282100677490234,0.594822883605957
1772729649611608800,8.86260888671875,-0.6286063194274902,-0.4455580711364746,0.8633760213851929
1772729649621609000,8.87260888671875,-0.7335138320922852,-0.5171618461608887,0.8552356958389282
1772729649631608800,8.88260888671875,-0.6076216697692871,-0.30419063568115234,0.5769491195678711
1772729649641609000,8.89260888671875,-0.3847842216491699,-0.06173515319824219,0.344804048538208
1772729649651608800,8.90260888671875,-0.1254262924194336,0.15428876876831055,0.18649506568908691
1772729649661609000,8.91260888671875,0.1439371109008789,0.23264646530151367,0.10044193267822266
1772729649671608800,8.92260888671875,0.37891197204589844,0.24173212051391602,0.06440532207489014
1772729649681609000,8.93260888671875,0.4052863121032715,0.19379711151123047,0.04080367088317871
1772729649691608800,8.94260888671875,0.13435840606689453,0.01862955093383789,0.1921316385269165
1772729649701609000,8.95260888671875,-0.2515835762023926,0.4738802909851074,0.20880019664764404
1772729649711608800,8.96260888671875,-0.4186367988586426,0.22839689254760742,-0.25206267833709717
1772729649721609000,8.97260888671875,-0.721989631652832,0.022315025329589844,-0.28126823902130127
1772729649731608800,8.98260888671875,-0.6970005035400391,0.41319990158081055,-0.19870305061340332
1772729649741609000,8.99260888671875,-0.6172261238098145,0.7511816024780273,-0.19686448574066162
1772729649751608800,9.00260888671875,-0.2898578643798828,0.49761343002319336,-0.41407835483551025
1772729649761609000,9.01260888671875,0.21991682052612305,0.3056201934814453,-0.4100126028060913
1772729649771608800,9.02260888671875,0.41303157806396484,0.5573244094848633,-0.20008063316345215
